First Name,Last Name,Email,Phone
Bob,Johnson,bob.johnson.80@erb7.com,+852-2800 7457
Alice,Garcia,alice.garcia.11@erb7.com,+852-8427 3638
Alice,Johnson,alice.johnson.50@erb7.com,+852-3285 3878
Diana,Johnson,diana.johnson.90@erb7.com,+852-9933 8101
Henry,Smith,henry.smith.35@erb7.com,+852-8062 1290
Jack,Martinez,jack.martinez.24@erb7.com,+852-8285 8763
Grace,Johnson,grace.johnson.87@erb7.com,+852-6896 1566
Frank,Martinez,frank.martinez.16@erb7.com,+852-2687 3473
Henry,Miller,henry.miller.79@erb7.com,+852-4349 4675
Grace,Johnson,grace.johnson.46@erb7.com,+852-5707 9860
Bob,Brown,bob.brown.7@erb7.com,+852-3509 3496
Bob,Martinez,bob.martinez.100@erb7.com,+852-2443 5064
Jack,Miller,jack.miller.60@erb7.com,+852-2233 2516
Bob,Garcia,bob.garcia.60@erb7.com,+852-3966 3882
Frank,Martinez,frank.martinez.98@erb7.com,+852-4651 3349
Henry,Davis,henry.davis.34@erb7.com,+852-4009 7319
Eve,Rodriguez,eve.rodriguez.9@erb7.com,+852-6199 3842
Henry,Davis,henry.davis.64@erb7.com,+852-7553 8915
Diana,Williams,diana.williams.79@erb7.com,+852-1077 9071
Eve,Williams,eve.williams.19@erb7.com,+852-6596 5458
